"Honorific Title","First Name","Last Name","Constituency","Province / Territory","Political Affiliation","Start Date","End Date",
"","Ziad","Aboultaif","Edmonton Manning","Alberta","Conservative","10/19/2015 12:00:00 AM","",
"","Dan","Albas","Central Okanagan—Similkameen—Nicola","British Columbia","Conservative","10/19/2015 12:00:00 AM","",
"","Harold","Albrecht","Kitchener—Conestoga","Ontario","Conservative","10/19/2015 12:00:00 AM","",
"","John","Aldag","Cloverdale—Langley City","British Columbia","Liberal","10/19/2015 12:00:00 AM","",
"","Omar","Alghabra","Mississauga Centre","Ontario","Liberal","10/19/2015 12:00:00 AM","",
"","Leona","Alleslev","Aurora—Oak Ridges—Richmond Hill","Ontario","Liberal","10/19/2015 12:00:00 AM","",
"","Dean","Allison","Niagara West","Ontario","Conservative","10/19/2015 12:00:00 AM","",
"Hon.","Rona","Ambrose","Sturgeon River—Parkland","Alberta","Conservative","10/19/2015 12:00:00 AM","",
"","William","Amos","Pontiac","Quebec","Liberal","10/19/2015 12:00:00 AM","",
"","Gary","Anandasangaree","Scarborough—Rouge Park","Ontario","Liberal","10/19/2015 12:00:00 AM","",
"","David","Anderson","Cypress Hills—Grasslands","Saskatchewan","Conservative","10/19/2015 12:00:00 AM","",
"","Charlie","Angus","Timmins—James Bay","Ontario","NDP","10/19/2015 12:00:00 AM","",
"","Mel","Arnold","North Okanagan—Shuswap","British Columbia","Conservative","10/19/2015 12:00:00 AM","",
"","René","Arseneault","Madawaska—Restigouche","New Brunswick","Liberal","10/19/2015 12:00:00 AM","",
"","Chandra","Arya","Nepean","Ontario","Liberal","10/19/2015 12:00:00 AM","",
"","Niki","Ashton","Churchill—Keewatinook Aski","Manitoba","NDP","10/19/2015 12:00:00 AM","",
"","Robert","Aubin","Trois-Rivières","Quebec","NDP","10/19/2015 12:00:00 AM","",
"","Ramez","Ayoub","Thérèse-De Blainville","Quebec","Liberal","10/19/2015 12:00:00 AM","",
"","Vance","Badawey","Niagara Centre","Ontario","Liberal","10/19/2015 12:00:00 AM","",
"Hon.","Larry","Bagnell","Yukon","Yukon","Liberal","10/19/2015 12:00:00 AM","",
"Hon.","Navdeep","Bains","Mississauga—Malton","Ontario","Liberal","10/19/2015 12:00:00 AM","",
"","John","Barlow","Foothills","Alberta","Conservative","10/19/2015 12:00:00 AM","",
"","Xavier","Barsalou-Duval","Pierre-Boucher—Les Patriotes—Verchères","Quebec","Bloc Québécois","10/19/2015 12:00:00 AM","",
"","Frank","Baylis","Pierrefonds—Dollard","Quebec","Liberal","10/19/2015 12:00:00 AM","",
"","Mario","Beaulieu","La Pointe-de-l'Île","Quebec","Bloc Québécois","10/19/2015 12:00:00 AM","",
"","Terry","Beech","Burnaby North—Seymour","British Columbia","Liberal","10/19/2015 12:00:00 AM","",
"Hon.","Carolyn","Bennett","Toronto—St. Paul's","Ontario","Liberal","10/19/2015 12:00:00 AM","",
"","Sheri","Benson","Saskatoon West","Saskatchewan","NDP","10/19/2015 12:00:00 AM","",
"Hon.","Candice","Bergen","Portage—Lisgar","Manitoba","Conservative","10/19/2015 12:00:00 AM","",
"Hon.","Maxime","Bernier","Beauce","Quebec","Conservative","10/19/2015 12:00:00 AM","",
"","Luc","Berthold","Mégantic—L'Érable","Quebec","Conservative","10/19/2015 12:00:00 AM","",
"","James","Bezan","Selkirk—Interlake—Eastman","Manitoba","Conservative","10/19/2015 12:00:00 AM","",
"Hon.","Marie-Claude","Bibeau","Compton—Stanstead","Quebec","Liberal","10/19/2015 12:00:00 AM","",
"","Chris","Bittle","St. Catharines","Ontario","Liberal","10/19/2015 12:00:00 AM","",
"","Daniel","Blaikie","Elmwood—Transcona","Manitoba","NDP","10/19/2015 12:00:00 AM","",
"","Bill","Blair","Scarborough Southwest","Ontario","Liberal","10/19/2015 12:00:00 AM","",
"","Rachel","Blaney","North Island—Powell River","British Columbia","NDP","10/19/2015 12:00:00 AM","",
"Hon.","Steven","Blaney","Bellechasse—Les Etchemins—Lévis","Quebec","Conservative","10/19/2015 12:00:00 AM","",
"","Kelly","Block","Carlton Trail—Eagle Creek","Saskatchewan","Conservative","10/19/2015 12:00:00 AM","",
"","Randy","Boissonnault","Edmonton Centre","Alberta","Liberal","10/19/2015 12:00:00 AM","",
"","Mike","Bossio","Hastings—Lennox and Addington","Ontario","Liberal","10/19/2015 12:00:00 AM","",
"","Sylvie","Boucher","Beauport—Côte-de-Beaupré—Île d'Orléans—Charlevoix","Quebec","Conservative","10/19/2015 12:00:00 AM","",
"","Michel","Boudrias","Terrebonne","Quebec","Bloc Québécois","10/19/2015 12:00:00 AM","",
"","Alexandre","Boulerice","Rosemont—La Petite-Patrie","Quebec","NDP","10/19/2015 12:00:00 AM","",
"","Marjolaine","Boutin-Sweet","Hochelaga","Quebec","NDP","10/19/2015 12:00:00 AM","",
"","John","Brassard","Barrie—Innisfil","Ontario","Conservative","10/19/2015 12:00:00 AM","",
"","Bob","Bratina","Hamilton East—Stoney Creek","Ontario","Liberal","10/19/2015 12:00:00 AM","",
"","Pierre","Breton","Shefford","Quebec","Liberal","10/19/2015 12:00:00 AM","",
"Hon.","Scott","Brison","Kings—Hants","Nova Scotia","Liberal","10/19/2015 12:00:00 AM","",
"","Ruth Ellen","Brosseau","Berthier—Maskinongé","Quebec","NDP","10/19/2015 12:00:00 AM","",
"","Gordon","Brown","Leeds—Grenville—Thousand Islands and Rideau Lakes","Ontario","Conservative","10/19/2015 12:00:00 AM","",
"","Celina","Caesar-Chavannes","Whitby","Ontario","Liberal","10/19/2015 12:00:00 AM","",
"","Blaine","Calkins","Red Deer—Lacombe","Alberta","Conservative","10/19/2015 12:00:00 AM","",
"","Richard","Cannings","South Okanagan—West Kootenay","British Columbia","NDP","10/19/2015 12:00:00 AM","",
"","Guy","Caron","Rimouski-Neigette—Témiscouata—Les Basques","Quebec","NDP","10/19/2015 12:00:00 AM","",
"Hon.","Jim","Carr","Winnipeg South Centre","Manitoba","Liberal","10/19/2015 12:00:00 AM","",
"","Colin","Carrie","Oshawa","Ontario","Conservative","10/19/2015 12:00:00 AM","",
"","Bill","Casey","Cumberland—Colchester","Nova Scotia","Liberal","10/19/2015 12:00:00 AM","",
"","Sean","Casey","Charlottetown","Prince Edward Island","Liberal","10/19/2015 12:00:00 AM","",
"Hon.","Bardish","Chagger","Waterloo","Ontario","Liberal","10/19/2015 12:00:00 AM","",
"Hon.","François-Philippe","Champagne","Saint-Maurice—Champlain","Quebec","Liberal","10/19/2015 12:00:00 AM","",
"","Arnold","Chan","Scarborough—Agincourt","Ontario","Liberal","10/19/2015 12:00:00 AM","",
"","Shaun","Chen","Scarborough North","Ontario","Liberal","10/19/2015 12:00:00 AM","",
"Hon.","Michael","Chong","Wellington—Halton Hills","Ontario","Conservative","10/19/2015 12:00:00 AM","",
"","François","Choquette","Drummond","Quebec","NDP","10/19/2015 12:00:00 AM","",
"","David","Christopherson","Hamilton Centre","Ontario","NDP","10/19/2015 12:00:00 AM","",
"","Alupa","Clarke","Beauport—Limoilou","Quebec","Conservative","10/19/2015 12:00:00 AM","",
"Hon.","Tony","Clement","Parry Sound—Muskoka","Ontario","Conservative","10/19/2015 12:00:00 AM","",
"","Michael","Cooper","St. Albert—Edmonton","Alberta","Conservative","10/19/2015 12:00:00 AM","",
"","Serge","Cormier","Acadie—Bathurst","New Brunswick","Liberal","10/19/2015 12:00:00 AM","",
"","Nathan","Cullen","Skeena—Bulkley Valley","British Columbia","NDP","10/19/2015 12:00:00 AM","",
"","Rodger","Cuzner","Cape Breton—Canso","Nova Scotia","Liberal","10/19/2015 12:00:00 AM","",
"","Julie","Dabrusin","Toronto—Danforth","Ontario","Liberal","10/19/2015 12:00:00 AM","",
"","Pam","Damoff","Oakville North—Burlington","Ontario","Liberal","10/19/2015 12:00:00 AM","",
"","Don","Davies","Vancouver Kingsway","British Columbia","NDP","10/19/2015 12:00:00 AM","",
"","Matt","DeCourcey","Fredericton","New Brunswick","Liberal","10/19/2015 12:00:00 AM","",
"","Gérard","Deltell","Louis-Saint-Laurent","Quebec","Conservative","10/19/2015 12:00:00 AM","",
"","Sukh","Dhaliwal","Surrey—Newton","British Columbia","Liberal","10/19/2015 12:00:00 AM","",
"","Anju","Dhillon","Dorval—Lachine—LaSalle","Quebec","Liberal","10/19/2015 12:00:00 AM","",
"","Nicola","Di Iorio","Saint-Léonard—Saint-Michel","Quebec","Liberal","10/19/2015 12:00:00 AM","",
"","Kerry","Diotte","Edmonton Griesbach","Alberta","Conservative","10/19/2015 12:00:00 AM","",
"","Todd","Doherty","Cariboo—Prince George","British Columbia","Conservative","10/19/2015 12:00:00 AM","",
"","Fin","Donnelly","Port Moody—Coquitlam","British Columbia","NDP","10/19/2015 12:00:00 AM","",
"","Earl","Dreeshen","Red Deer—Mountain View","Alberta","Conservative","10/19/2015 12:00:00 AM","",
"","Francis","Drouin","Glengarry—Prescott—Russell","Ontario","Liberal","10/19/2015 12:00:00 AM","",
"","Matthew","Dubé","Beloeil—Chambly","Quebec","NDP","10/19/2015 12:00:00 AM","",
"","Emmanuel","Dubourg","Bourassa","Quebec","Liberal","10/19/2015 12:00:00 AM","",
"Hon.","Jean-Yves","Duclos","Québec","Quebec","Liberal","10/19/2015 12:00:00 AM","",
"","Terry","Duguid","Winnipeg South","Manitoba","Liberal","10/19/2015 12:00:00 AM","",
"Hon.","Kirsty","Duncan","Etobicoke North","Ontario","Liberal","10/19/2015 12:00:00 AM","",
"","Linda","Duncan","Edmonton Strathcona","Alberta","NDP","10/19/2015 12:00:00 AM","",
"","Pierre-Luc","Dusseault","Sherbrooke","Quebec","NDP","10/19/2015 12:00:00 AM","",
"","Scott","Duvall","Hamilton Mountain","Ontario","NDP","10/19/2015 12:00:00 AM","",
"","Julie","Dzerowicz","Davenport","Ontario","Liberal","10/19/2015 12:00:00 AM","",
"Hon.","Wayne","Easter","Malpeque","Prince Edward Island","Liberal","10/19/2015 12:00:00 AM","",
"","Jim","Eglinski","Yellowhead","Alberta","Conservative","10/19/2015 12:00:00 AM","",
"","Ali","Ehsassi","Willowdale","Ontario","Liberal","10/19/2015 12:00:00 AM","",
"","Fayçal","El-Khoury","Laval—Les Îles","Quebec","Liberal","10/19/2015 12:00:00 AM","",
"","Neil","Ellis","Bay of Quinte","Ontario","Liberal","10/19/2015 12:00:00 AM","",
"","Nathaniel","Erskine-Smith","Beaches—East York","Ontario","Liberal","10/19/2015 12:00:00 AM","",
"Hon.","Mark","Eyking","Sydney—Victoria","Nova Scotia","Liberal","10/19/2015 12:00:00 AM","",
"","Doug","Eyolfson","Charleswood—St. James—Assiniboia—Headingley","Manitoba","Liberal","10/19/2015 12:00:00 AM","",
"","Ted","Falk","Provencher","Manitoba","Conservative","10/19/2015 12:00:00 AM","",
"Hon.","Ed","Fast","Abbotsford","British Columbia","Conservative","10/19/2015 12:00:00 AM","",
"","Greg","Fergus","Hull—Aylmer","Quebec","Liberal","10/19/2015 12:00:00 AM","",
"","Andy","Fillmore","Halifax","Nova Scotia","Liberal","10/19/2015 12:00:00 AM","",
"Hon.","Diane","Finley","Haldimand—Norfolk","Ontario","Conservative","10/19/2015 12:00:00 AM","",
"","Pat","Finnigan","Miramichi—Grand Lake","New Brunswick","Liberal","10/19/2015 12:00:00 AM","",
"","Darren","Fisher","Dartmouth—Cole Harbour","Nova Scotia","Liberal","10/19/2015 12:00:00 AM","",
"","Peter","Fonseca","Mississauga East—Cooksville","Ontario","Liberal","10/19/2015 12:00:00 AM","",
"Hon.","Judy","Foote","Bonavista—Burin—Trinity","Newfoundland and Labrador","Liberal","10/19/2015 12:00:00 AM","",
"","Rhéal","Fortin","Rivière-du-Nord","Quebec","Bloc Québécois","10/19/2015 12:00:00 AM","",
"","Peter","Fragiskatos","London North Centre","Ontario","Liberal","10/19/2015 12:00:00 AM","",
"","Colin","Fraser","West Nova","Nova Scotia","Liberal","10/19/2015 12:00:00 AM","",
"","Sean","Fraser","Central Nova","Nova Scotia","Liberal","10/19/2015 12:00:00 AM","",
"Hon.","Chrystia","Freeland","University—Rosedale","Ontario","Liberal","10/19/2015 12:00:00 AM","",
"Hon.","Hedy","Fry","Vancouver Centre","British Columbia","Liberal","10/19/2015 12:00:00 AM","",
"","Stephen","Fuhr","Kelowna—Lake Country","British Columbia","Liberal","10/19/2015 12:00:00 AM","",
"","Cheryl","Gallant","Renfrew—Nipissing—Pembroke","Ontario","Conservative","10/19/2015 12:00:00 AM","",
"Hon.","Marc","Garneau","Notre-Dame-de-Grâce—Westmount","Quebec","Liberal","10/19/2015 12:00:00 AM","",
"","Randall","Garrison","Esquimalt—Saanich—Sooke","British Columbia","NDP","10/19/2015 12:00:00 AM","",
"","Bernard","Généreux","Montmagny—L'Islet—Kamouraska—Rivière-du-Loup","Quebec","Conservative","10/19/2015 12:00:00 AM","",
"","Garnett","Genuis","Sherwood Park—Fort Saskatchewan","Alberta","Conservative","10/19/2015 12:00:00 AM","",
"","Mark","Gerretsen","Kingston and the Islands","Ontario","Liberal","10/19/2015 12:00:00 AM","",
"","Marilène","Gill","Manicouagan","Quebec","Bloc Québécois","10/19/2015 12:00:00 AM","",
"","Marilyn","Gladu","Sarnia—Lambton","Ontario","Conservative","10/19/2015 12:00:00 AM","",
"","Joël","Godin","Portneuf—Jacques-Cartier","Quebec","Conservative","10/19/2015 12:00:00 AM","",
"","Pam","Goldsmith-Jones","West Vancouver—Sunshine Coast—Sea to Sky Country","British Columbia","Liberal","10/19/2015 12:00:00 AM","",
"Hon.","Ralph","Goodale","Regina—Wascana","Saskatchewan","Liberal","10/19/2015 12:00:00 AM","",
"Hon.","Karina","Gould","Burlington","Ontario","Liberal","10/19/2015 12:00:00 AM","",
"","Jacques","Gourde","Lévis—Lotbinière","Quebec","Conservative","10/19/2015 12:00:00 AM","",
"","David de Burgh","Graham","Laurentides—Labelle","Quebec","Liberal","10/19/2015 12:00:00 AM","",
"","Raj","Grewal","Brampton East","Ontario","Liberal","10/19/2015 12:00:00 AM","",
"Hon.","Patty","Hajdu","Thunder Bay—Superior North","Ontario","Liberal","10/19/2015 12:00:00 AM","",
"","Cheryl","Hardcastle","Windsor—Tecumseh","Ontario","NDP","10/19/2015 12:00:00 AM","",
"","Rachael","Harder","Lethbridge","Alberta","Conservative","10/19/2015 12:00:00 AM","",
"","Ken","Hardie","Fleetwood—Port Kells","British Columbia","Liberal","10/19/2015 12:00:00 AM","",
"","T.J.","Harvey","Tobique—Mactaquac","New Brunswick","Liberal","10/19/2015 12:00:00 AM","",
"Hon.","Kent","Hehr","Calgary Centre","Alberta","Liberal","10/19/2015 12:00:00 AM","",
"","Randy","Hoback","Prince Albert","Saskatchewan","Conservative","10/19/2015 12:00:00 AM","",
"","Mark","Holland","Ajax","Ontario","Liberal","10/19/2015 12:00:00 AM","",
"","Anthony","Housefather","Mount Royal","Quebec","Liberal","10/19/2015 12:00:00 AM","",
"","Carol","Hughes","Algoma—Manitoulin—Kapuskasing","Ontario","NDP","10/19/2015 12:00:00 AM","",
"Hon.","Ahmed","Hussen","York South—Weston","Ontario","Liberal","10/19/2015 12:00:00 AM","",
"","Gudie","Hutchings","Long Range Mountains","Newfoundland and Labrador","Liberal","10/19/2015 12:00:00 AM","",
"","Angelo","Iacono","Alfred-Pellan","Quebec","Liberal","10/19/2015 12:00:00 AM","",
"","Matt","Jeneroux","Edmonton Riverbend","Alberta","Conservative","10/19/2015 12:00:00 AM","",
"","Gord","Johns","Courtenay—Alberni","British Columbia","NDP","10/19/2015 12:00:00 AM","",
"","Georgina","Jolibois","Desnethé—Missinippi—Churchill River","Saskatchewan","NDP","10/19/2015 12:00:00 AM","",
"Hon.","Mélanie","Joly","Ahuntsic-Cartierville","Quebec","Liberal","10/19/2015 12:00:00 AM","",
"","Yvonne","Jones","Labrador","Newfoundland and Labrador","Liberal","10/19/2015 12:00:00 AM","",
"","Bernadette","Jordan","South Shore—St. Margarets","Nova Scotia","Liberal","10/19/2015 12:00:00 AM","",
"","Majid","Jowhari","Richmond Hill","Ontario","Liberal","10/19/2015 12:00:00 AM","",
"","Peter","Julian","New Westminster—Burnaby","British Columbia","NDP","10/19/2015 12:00:00 AM","",
"","Darshan Singh","Kang","Calgary Skyview","Alberta","Liberal","10/19/2015 12:00:00 AM","",
"","Pat","Kelly","Calgary Rocky Ridge","Alberta","Conservative","10/19/2015 12:00:00 AM","",
"Hon.","Peter","Kent","Thornhill","Ontario","Conservative","10/19/2015 12:00:00 AM","",
"","Iqra","Khalid","Mississauga—Erin Mills","Ontario","Liberal","10/19/2015 12:00:00 AM","",
"","Kamal","Khera","Brampton West","Ontario","Liberal","10/19/2015 12:00:00 AM","",
"","Robert","Kitchen","Souris—Moose Mountain","Saskatchewan","Conservative","10/19/2015 12:00:00 AM","",
"","Tom","Kmiec","Calgary Shepard","Alberta","Conservative","10/19/2015 12:00:00 AM","",
"","Jenny","Kwan","Vancouver East","British Columbia","NDP","10/19/2015 12:00:00 AM","",
"Hon.","Mike","Lake","Edmonton—Wetaskiwin","Alberta","Conservative","10/19/2015 12:00:00 AM","",
"","David","Lametti","LaSalle—Émard—Verdun","Quebec","Liberal","10/19/2015 12:00:00 AM","",
"","Kevin","Lamoureux","Winnipeg North","Manitoba","Liberal","10/19/2015 12:00:00 AM","",
"","Linda","Lapointe","Rivière-des-Mille-Îles","Quebec","Liberal","10/19/2015 12:00:00 AM","",
"","Guy","Lauzon","Stormont—Dundas—South Glengarry","Ontario","Conservative","10/19/2015 12:00:00 AM","",
"","Stéphane","Lauzon","Argenteuil—La Petite-Nation","Quebec","Liberal","10/19/2015 12:00:00 AM","",
"","Hélène","Laverdière","Laurier—Sainte-Marie","Quebec","NDP","10/19/2015 12:00:00 AM","",
"Hon.","Denis","Lebel","Lac-Saint-Jean","Quebec","Conservative","10/19/2015 12:00:00 AM","",
"Hon.","Dominic","LeBlanc","Beauséjour","New Brunswick","Liberal","10/19/2015 12:00:00 AM","",
"Hon.","Diane","Lebouthillier","Gaspésie—Les Îles-de-la-Madeleine","Quebec","Liberal","10/19/2015 12:00:00 AM","",
"","Paul","Lefebvre","Sudbury","Ontario","Liberal","10/19/2015 12:00:00 AM","",
"Hon.","K. Kellie","Leitch","Simcoe—Grey","Ontario","Conservative","10/19/2015 12:00:00 AM","",
"","Denis","Lemieux","Chicoutimi—Le Fjord","Quebec","Liberal","10/19/2015 12:00:00 AM","",
"Hon.","Andrew","Leslie","Orléans","Ontario","Liberal","10/19/2015 12:00:00 AM","",
"","Michael","Levitt","York Centre","Ontario","Liberal","10/19/2015 12:00:00 AM","",
"","Ron","Liepert","Calgary Signal Hill","Alberta","Conservative","10/19/2015 12:00:00 AM","",
"","Joël","Lightbound","Louis-Hébert","Quebec","Liberal","10/19/2015 12:00:00 AM","",
"","Ben","Lobb","Huron—Bruce","Ontario","Conservative","10/19/2015 12:00:00 AM","",
"","Alaina","Lockhart","Fundy Royal","New Brunswick","Liberal","10/19/2015 12:00:00 AM","",
"","Wayne","Long","Saint John—Rothesay","New Brunswick","Liberal","10/19/2015 12:00:00 AM","",
"","Lloyd","Longfield","Guelph","Ontario","Liberal","10/19/2015 12:00:00 AM","",
"","Karen","Ludwig","New Brunswick Southwest","New Brunswick","Liberal","10/19/2015 12:00:00 AM","",
"","Tom","Lukiwski","Moose Jaw—Lake Centre—Lanigan","Saskatchewan","Conservative","10/19/2015 12:00:00 AM","",
"Hon.","Lawrence","MacAulay","Cardigan","Prince Edward Island","Liberal","10/19/2015 12:00:00 AM","",
"","Alistair","MacGregor","Cowichan—Malahat—Langford","British Columbia","NDP","10/19/2015 12:00:00 AM","",
"","Dave","MacKenzie","Oxford","Ontario","Conservative","10/19/2015 12:00:00 AM","",
"","Steven","MacKinnon","Gatineau","Quebec","Liberal","10/19/2015 12:00:00 AM","",
"","Larry","Maguire","Brandon—Souris","Manitoba","Conservative","10/19/2015 12:00:00 AM","",
"","Sheila","Malcolmson","Nanaimo—Ladysmith","British Columbia","NDP","10/19/2015 12:00:00 AM","",
"","James","Maloney","Etobicoke—Lakeshore","Ontario","Liberal","10/19/2015 12:00:00 AM","",
"","Simon","Marcil","Mirabel","Quebec","Bloc Québécois","10/19/2015 12:00:00 AM","",
"","Brian","Masse","Windsor West","Ontario","NDP","10/19/2015 12:00:00 AM","",
"","Rémi","Massé","Avignon—La Mitis—Matane—Matapédia","Quebec","Liberal","10/19/2015 12:00:00 AM","",
"","Irene","Mathyssen","London—Fanshawe","Ontario","NDP","10/19/2015 12:00:00 AM","",
"","Bryan","May","Cambridge","Ontario","Liberal","10/19/2015 12:00:00 AM","",
"","Elizabeth","May","Saanich—Gulf Islands","British Columbia","Green Party","10/19/2015 12:00:00 AM","",
"","Kelly","McCauley","Edmonton West","Alberta","Conservative","10/19/2015 12:00:00 AM","",
"","Phil","McColeman","Brantford—Brant","Ontario","Conservative","10/19/2015 12:00:00 AM","",
"","Karen","McCrimmon","Kanata—Carleton","Ontario","Liberal","10/19/2015 12:00:00 AM","",
"","Ken","McDonald","Avalon","Newfoundland and Labrador","Liberal","10/19/2015 12:00:00 AM","",
"","David","McGuinty","Ottawa South","Ontario","Liberal","10/19/2015 12:00:00 AM","",
"Hon.","John","McKay","Scarborough—Guildwood","Ontario","Liberal","10/19/2015 12:00:00 AM","",
"Hon.","Catherine","McKenna","Ottawa Centre","Ontario","Liberal","10/19/2015 12:00:00 AM","",
"","Ron","McKinnon","Coquitlam—Port Coquitlam","British Columbia","Liberal","10/19/2015 12:00:00 AM","",
"","Cathy","McLeod","Kamloops—Thompson—Cariboo","British Columbia","Conservative","10/19/2015 12:00:00 AM","",
"","Michael","McLeod","Northwest Territories","Northwest Territories","Liberal","10/19/2015 12:00:00 AM","",
"","Alexandra","Mendès","Brossard—Saint-Lambert","Quebec","Liberal","10/19/2015 12:00:00 AM","",
"","Marco","Mendicino","Eglinton—Lawrence","Ontario","Liberal","10/19/2015 12:00:00 AM","",
"Hon.","MaryAnn","Mihychuk","Kildonan—St. Paul","Manitoba","Liberal","10/19/2015 12:00:00 AM","",
"","Larry","Miller","Bruce—Grey—Owen Sound","Ontario","Conservative","10/19/2015 12:00:00 AM","",
"","Marc","Miller","Ville-Marie—Le Sud-Ouest—Île-des-Soeurs","Quebec","Liberal","10/19/2015 12:00:00 AM","",
"Hon.","Maryam","Monsef","Peterborough—Kawartha","Ontario","Liberal","10/19/2015 12:00:00 AM","",
"","Christine","Moore","Abitibi—Témiscamingue","Quebec","NDP","10/19/2015 12:00:00 AM","",
"Hon.","Bill","Morneau","Toronto Centre","Ontario","Liberal","10/19/2015 12:00:00 AM","",
"","Robert","Morrissey","Egmont","Prince Edward Island","Liberal","10/19/2015 12:00:00 AM","",
"","Glen","Motz","Medicine Hat—Cardston—Warner","Alberta","Conservative","10/24/2016 12:00:00 AM","",
"Hon.","Thomas","Mulcair","Outremont","Quebec","NDP","10/19/2015 12:00:00 AM","",
"","Joyce","Murray","Vancouver Quadra","British Columbia","Liberal","10/19/2015 12:00:00 AM","",
"","Pierre","Nantel","Longueuil—Saint-Hubert","Quebec","NDP","10/19/2015 12:00:00 AM","",
"","Eva","Nassif","Vimy","Quebec","Liberal","10/19/2015 12:00:00 AM","",
"","John","Nater","Perth—Wellington","Ontario","Conservative","10/19/2015 12:00:00 AM","",
"Hon.","Robert","Nault","Kenora","Ontario","Liberal","10/19/2015 12:00:00 AM","",
"Hon.","Rob","Nicholson","Niagara Falls","Ontario","Conservative","10/19/2015 12:00:00 AM","",
"","Alexander","Nuttall","Barrie—Springwater—Oro-Medonte","Ontario","Conservative","10/19/2015 12:00:00 AM","",
"Hon.","Deepak","Obhrai","Calgary Forest Lawn","Alberta","Conservative","10/19/2015 12:00:00 AM","",
"","Jennifer","O'Connell","Pickering—Uxbridge","Ontario","Liberal","10/19/2015 12:00:00 AM","",
"","Robert","Oliphant","Don Valley West","Ontario","Liberal","10/19/2015 12:00:00 AM","",
"","John","Oliver","Oakville","Ontario","Liberal","10/19/2015 12:00:00 AM","",
"","Seamus","O'Regan","St. John's South—Mount Pearl","Newfoundland and Labrador","Liberal","10/19/2015 12:00:00 AM","",
"Hon.","Erin","O'Toole","Durham","Ontario","Conservative","10/19/2015 12:00:00 AM","",
"","Robert-Falcon","Ouellette","Winnipeg Centre","Manitoba","Liberal","10/19/2015 12:00:00 AM","",
"Hon.","Denis","Paradis","Brome—Missisquoi","Quebec","Liberal","10/19/2015 12:00:00 AM","",
"","Pierre","Paul-Hus","Charlesbourg—Haute-Saint-Charles","Quebec","Conservative","10/19/2015 12:00:00 AM","",
"","Monique","Pauzé","Repentigny","Quebec","Bloc Québécois","10/19/2015 12:00:00 AM","",
"","Joe","Peschisolido","Steveston—Richmond East","British Columbia","Liberal","10/19/2015 12:00:00 AM","",
"","Kyle","Peterson","Newmarket—Aurora","Ontario","Liberal","10/19/2015 12:00:00 AM","",
"Hon.","Ginette","Petitpas Taylor","Moncton—Riverview—Dieppe","New Brunswick","Liberal","10/19/2015 12:00:00 AM","",
"Hon.","Jane","Philpott","Markham—Stouffville","Ontario","Liberal","10/19/2015 12:00:00 AM","",
"","Michel","Picard","Montarville","Quebec","Liberal","10/19/2015 12:00:00 AM","",
"","Louis","Plamondon","Bécancour—Nicolet—Saurel","Quebec","Bloc Québécois","10/19/2015 12:00:00 AM","",
"Hon.","Pierre","Poilievre","Carleton","Ontario","Conservative","10/19/2015 12:00:00 AM","",
"","Jean-Claude","Poissant","La Prairie","Quebec","Liberal","10/19/2015 12:00:00 AM","",
"","Anne Minh-Thu","Quach","Salaberry—Suroît","Quebec","NDP","10/19/2015 12:00:00 AM","",
"Hon.","Carla","Qualtrough","Delta","British Columbia","Liberal","10/19/2015 12:00:00 AM","",
"Hon.","Lisa","Raitt","Milton","Ontario","Conservative","10/19/2015 12:00:00 AM","",
"","Tracey","Ramsey","Essex","Ontario","NDP","10/19/2015 12:00:00 AM","",
"","Murray","Rankin","Victoria","British Columbia","NDP","10/19/2015 12:00:00 AM","",
"","Yasmin","Ratansi","Don Valley East","Ontario","Liberal","10/19/2015 12:00:00 AM","",
"","Alain","Rayes","Richmond—Arthabaska","Quebec","Conservative","10/19/2015 12:00:00 AM","",
"Hon.","Geoff","Regan","Halifax West","Nova Scotia","Liberal","10/19/2015 12:00:00 AM","",
"","Scott","Reid","Lanark—Frontenac—Kingston","Ontario","Conservative","10/19/2015 12:00:00 AM","",
"Hon.","Michelle","Rempel","Calgary Nose Hill","Alberta","Conservative","10/19/2015 12:00:00 AM","",
"","Blake","Richards","Banff—Airdrie","Alberta","Conservative","10/19/2015 12:00:00 AM","",
"","Jean","Rioux","Saint-Jean","Quebec","Liberal","10/19/2015 12:00:00 AM","",
"Hon.","Gerry","Ritz","Battlefords—Lloydminster","Saskatchewan","Conservative","10/19/2015 12:00:00 AM","",
"","Yves","Robillard","Marc-Aurèle-Fortin","Quebec","Liberal","10/19/2015 12:00:00 AM","",
"Hon.","Pablo","Rodriguez","Honoré-Mercier","Quebec","Liberal","10/19/2015 12:00:00 AM","",
"","Sherry","Romanado","Longueuil—Charles-LeMoyne","Quebec","Liberal","10/19/2015 12:00:00 AM","",
"","Anthony","Rota","Nipissing—Timiskaming","Ontario","Liberal","10/19/2015 12:00:00 AM","",
"","Kim","Rudd","Northumberland—Peterborough South","Ontario","Liberal","10/19/2015 12:00:00 AM","",
"","Dan","Ruimy","Pitt Meadows—Maple Ridge","British Columbia","Liberal","10/19/2015 12:00:00 AM","",
"","Don","Rusnak","Thunder Bay—Rainy River","Ontario","Liberal","10/19/2015 12:00:00 AM","",
"","Romeo","Saganash","Abitibi—Baie-James—Nunavik—Eeyou","Quebec","NDP","10/19/2015 12:00:00 AM","",
"","Ruby","Sahota","Brampton North","Ontario","Liberal","10/19/2015 12:00:00 AM","",
"","Raj","Saini","Kitchener Centre","Ontario","Liberal","10/19/2015 12:00:00 AM","",
"Hon.","Harjit S.","Sajjan","Vancouver South","British Columbia","Liberal","10/19/2015 12:00:00 AM","",
"","Darrell","Samson","Sackville—Preston—Chezzetcook","Nova Scotia","Liberal","10/19/2015 12:00:00 AM","",
"","Ramesh","Sangha","Brampton Centre","Ontario","Liberal","10/19/2015 12:00:00 AM","",
"","Brigitte","Sansoucy","Saint-Hyacinthe—Bagot","Quebec","NDP","10/19/2015 12:00:00 AM","",
"","Randeep","Sarai","Surrey Centre","British Columbia","Liberal","10/19/2015 12:00:00 AM","",
"","Bob","Saroya","Markham—Unionville","Ontario","Conservative","10/19/2015 12:00:00 AM","",
"","Francis","Scarpaleggia","Lac-Saint-Louis","Quebec","Liberal","10/19/2015 12:00:00 AM","",
"","Andrew","Scheer","Regina—Qu'Appelle","Saskatchewan","Conservative","10/19/2015 12:00:00 AM","",
"","Peter","Schiefke","Vaudreuil—Soulanges","Quebec","Liberal","10/19/2015 12:00:00 AM","",
"","Jamie","Schmale","Haliburton—Kawartha Lakes—Brock","Ontario","Conservative","10/19/2015 12:00:00 AM","",
"","Deborah","Schulte","King—Vaughan","Ontario","Liberal","10/19/2015 12:00:00 AM","",
"","Marc","Serré","Nickel Belt","Ontario","Liberal","10/19/2015 12:00:00 AM","",
"Hon.","Judy A.","Sgro","Humber River—Black Creek","Ontario","Liberal","10/19/2015 12:00:00 AM","",
"","Brenda","Shanahan","Châteauguay—Lacolle","Quebec","Liberal","10/19/2015 12:00:00 AM","",
"","Terry","Sheehan","Sault Ste. Marie","Ontario","Liberal","10/19/2015 12:00:00 AM","",
"","Martin","Shields","Bow River","Alberta","Conservative","10/19/2015 12:00:00 AM","",
"","Bev","Shipley","Lambton—Kent—Middlesex","Ontario","Conservative","10/19/2015 12:00:00 AM","",
"","Jati","Sidhu","Mission—Matsqui—Fraser Canyon","British Columbia","Liberal","10/19/2015 12:00:00 AM","",
"","Sonia","Sidhu","Brampton South","Ontario","Liberal","10/19/2015 12:00:00 AM","",
"","Gagan","Sikand","Mississauga—Streetsville","Ontario","Liberal","10/19/2015 12:00:00 AM","",
"","Scott","Simms","Coast of Bays—Central—Notre Dame","Newfoundland and Labrador","Liberal","10/19/2015 12:00:00 AM","",
"Hon.","Amarjeet","Sohi","Edmonton Mill Woods","Alberta","Liberal","10/19/2015 12:00:00 AM","",
"","Robert","Sopuck","Dauphin—Swan River—Neepawa","Manitoba","Conservative","10/19/2015 12:00:00 AM","",
"","Francesco","Sorbara","Vaughan—Woodbridge","Ontario","Liberal","10/19/2015 12:00:00 AM","",
"Hon.","Kevin","Sorenson","Battle River—Crowfoot","Alberta","Conservative","10/19/2015 12:00:00 AM","",
"","Sven","Spengemann","Mississauga—Lakeshore","Ontario","Liberal","10/19/2015 12:00:00 AM","",
"","Bruce","Stanton","Simcoe North","Ontario","Conservative","10/19/2015 12:00:00 AM","",
"","Gabriel","Ste-Marie","Joliette","Quebec","Bloc Québécois","10/19/2015 12:00:00 AM","",
"","Wayne","Stetski","Kootenay—Columbia","British Columbia","NDP","10/19/2015 12:00:00 AM","",
"","Kennedy","Stewart","Burnaby South","British Columbia","NDP","10/19/2015 12:00:00 AM","",
"","Mark","Strahl","Chilliwack—Hope","British Columbia","Conservative","10/19/2015 12:00:00 AM","",
"","Shannon","Stubbs","Lakeland","Alberta","Conservative","10/19/2015 12:00:00 AM","",
"","David","Sweet","Flamborough—Glanbrook","Ontario","Conservative","10/19/2015 12:00:00 AM","",
"","Marwan","Tabbara","Kitchener South—Hespeler","Ontario","Liberal","10/19/2015 12:00:00 AM","",
"","Geng","Tan","Don Valley North","Ontario","Liberal","10/19/2015 12:00:00 AM","",
"","Filomena","Tassi","Hamilton West—Ancaster—Dundas","Ontario","Liberal","10/19/2015 12:00:00 AM","",
"","Luc","Thériault","Montcalm","Quebec","Bloc Québécois","10/19/2015 12:00:00 AM","",
"","David","Tilson","Dufferin—Caledon","Ontario","Conservative","10/19/2015 12:00:00 AM","",
"Hon.","Hunter","Tootoo","Nunavut","Nunavut","Independent","10/19/2015 12:00:00 AM","",
"","Brad","Trost","Saskatoon—University","Saskatchewan","Conservative","10/19/2015 12:00:00 AM","",
"Right Hon.","Justin","Trudeau","Papineau","Quebec","Liberal","10/19/2015 12:00:00 AM","",
"","Karine","Trudel","Jonquière","Quebec","NDP","10/19/2015 12:00:00 AM","",
"","Dave","Van Kesteren","Chatham-Kent—Leamington","Ontario","Conservative","10/19/2015 12:00:00 AM","",
"Hon.","Peter","Van Loan","York—Simcoe","Ontario","Conservative","10/19/2015 12:00:00 AM","",
"","Dan","Vandal","Saint Boniface—Saint Vital","Manitoba","Liberal","10/19/2015 12:00:00 AM","",
"","Anita","Vandenbeld","Ottawa West—Nepean","Ontario","Liberal","10/19/2015 12:00:00 AM","",
"","Adam","Vaughan","Spadina—Fort York","Ontario","Liberal","10/19/2015 12:00:00 AM","",
"","Karen","Vecchio","Elgin—Middlesex—London","Ontario","Conservative","10/19/2015 12:00:00 AM","",
"","Arnold","Viersen","Peace River—Westlock","Alberta","Conservative","10/19/2015 12:00:00 AM","",
"","Arif","Virani","Parkdale—High Park","Ontario","Liberal","10/19/2015 12:00:00 AM","",
"","Cathay","Wagantall","Yorkton—Melville","Saskatchewan","Conservative","10/19/2015 12:00:00 AM","",
"","Mark","Warawa","Langley—Aldergrove","British Columbia","Conservative","10/19/2015 12:00:00 AM","",
"","Chris","Warkentin","Grande Prairie—Mackenzie","Alberta","Conservative","10/19/2015 12:00:00 AM","",
"","Dianne L.","Watts","South Surrey—White Rock","British Columbia","Conservative","10/19/2015 12:00:00 AM","",
"","Kevin","Waugh","Saskatoon—Grasswood","Saskatchewan","Conservative","10/19/2015 12:00:00 AM","",
"","Len","Webber","Calgary Confederation","Alberta","Conservative","10/19/2015 12:00:00 AM","",
"","Erin","Weir","Regina—Lewvan","Saskatchewan","NDP","10/19/2015 12:00:00 AM","",
"","Nick","Whalen","St. John's East","Newfoundland and Labrador","Liberal","10/19/2015 12:00:00 AM","",
"","Jonathan","Wilkinson","North Vancouver","British Columbia","Liberal","10/19/2015 12:00:00 AM","",
"Hon.","Jody","Wilson-Raybould","Vancouver Granville","British Columbia","Liberal","10/19/2015 12:00:00 AM","",
"Hon.","Alice","Wong","Richmond Centre","British Columbia","Conservative","10/19/2015 12:00:00 AM","",
"","Borys","Wrzesnewskyj","Etobicoke Centre","Ontario","Liberal","10/19/2015 12:00:00 AM","",
"","Kate","Young","London West","Ontario","Liberal","10/19/2015 12:00:00 AM","",
"","David","Yurdiga","Fort McMurray—Cold Lake","Alberta","Conservative","10/19/2015 12:00:00 AM","",
"","Salma","Zahid","Scarborough Centre","Ontario","Liberal","10/19/2015 12:00:00 AM","",
"","Bob","Zimmer","Prince George—Peace River—Northern Rockies","British Columbia","Conservative","10/19/2015 12:00:00 AM","",


